name,url,username,password
113.193.1.75,https://113.193.1.75/,1107052416,i6t9j798
127.0.0.1,http://127.0.0.1:8000/admin/login/,admin ,kanika@123
127.0.0.1,http://127.0.0.1:8000/admin/auth/user/add/,akash,kanika@123
164.100.181.56,http://164.100.181.56/StudentLogin.aspx,1513310027,akash@123
172.10.1.2,http://172.10.1.2:8090/,HACKTIVATE,258
192.168.50.1,http://192.168.50.1/,,stjagdxs
a2oj.com,https://a2oj.com/signin,9654263057akashkandpal@gmail.com,iamakashkandpal@123
a2oj.com,https://a2oj.com/signin,akashkandpal,iamakashkandpal@123
a2oj.com,https://a2oj.com/signin,harrypotter0,iamakashkandpal@123
erp.aktu.ac.in,https://erp.aktu.ac.in/,1513310027,akash@123
www.5.alphawars.com,https://www.5.alphawars.com/,akash,kandpal
www.5.alphawars.com,https://www.5.alphawars.com/,akash027,kandpal
www.5.alphawars.com,https://www.5.alphawars.com/,akash1,kandpal
www.5.alphawars.com,https://www.5.alphawars.com/,akash12,kandpal
www.amazon.com,https://www.amazon.com/,9654263057akashkandpal@gmail.com,kanika@123
portal.aws.amazon.com,https://portal.aws.amazon.com/billing/signup,9654263057akashkandpal@gmail.com,kanika@123
signin.aws.amazon.com,https://signin.aws.amazon.com/signin,9654263057akashkandpal@gmail.com,kanika@123
us-east-1.signin.aws.amazon.com,https://us-east-1.signin.aws.amazon.com/,ev_vihaan,^_s(41AjiXQ#
analyticsschoolonline.com,https://analyticsschoolonline.com/wp-login.php,harrypotter,akash@123@123@
id.analyticsvidhya.com,https://id.analyticsvidhya.com/accounts/signup/,harrypotterakash,kanika@123
www.arxiv-sanity.com,http://www.arxiv-sanity.com/,harrypotter0,kanika@123
discuss.atom.io,https://discuss.atom.io/,Akash Kandpal,f221a9141b44677
developer.aylien.com,https://developer.aylien.com/signup,ankur,mintzip123
developer.aylien.com,https://developer.aylien.com/signup,bossthef,naalis
developer.aylien.com,https://developer.aylien.com/signup,bossthefu,chutiya
developer.aylien.com,https://developer.aylien.com/signup,bossthefuc,gaandu
developer.aylien.com,https://developer.aylien.com/signup,bossthefuck,gaanduhaitu
newsapi.aylien.com,https://newsapi.aylien.com/signup,akshithoonmai,kandu@123
newsapi.aylien.com,https://newsapi.aylien.com/signup,geazdvreafd,kandu@123
words.bighugelabs.com,https://words.bighugelabs.com/login.php,9654262057akashkandpal@gmail.com,gTTsUr7nMynrXeG
www.bikerplay.net,https://www.bikerplay.net/,9654263057akashkandpal@gmail.com,Akash@123
www.bvicam-events.in,http://www.bvicam-events.in/e-day/login,9654263057akashkandpal@gmail.com,9654263057@1652
niet.calyxpod.com,https://niet.calyxpod.com/onboarding-landing/9SHNoYXa1Ujx0WtfJtwgd9OTz3IjA4GUlJen3FIIvZxnZ8HHXyzBFskn2QJyHPqilgXaOC-eY6Jl6PqaRfHgWg/b5e157c2ebf9a853475950325faafe76a5c4b8c5,,akash@123
firefoxaccounts,chrome://firefoxaccounts/,971639ce7956431bbb3ff6e0be166178,"{""version"":1,""accountData"":{""kA"":""66b886e0b4a865848c57b28821436aced5ebbe6db0281bab7a75eeb86fe9bda4"",""kB"":""9e85cb12d21f89434056418be3804df852fc96bbc24a9dc21cc2b66cd8f985b6""}}"
www.cloudflare.com,https://www.cloudflare.com/,9654263057akashkandpal@gmail.com,kanika@123
www.codechef.com,https://www.codechef.com/, 	meenu_loves_me,kanika@123
www.codechef.com,https://www.codechef.com/,champ_123456,kanika@123
www.codechef.com,https://www.codechef.com/,meenakshi_bangwal,kanika@123
www.codechef.com,https://www.codechef.com/,meenu_loves_me,kanika@123
codeforces.com,http://codeforces.com/enter,Harrypotter0,akashkandpal@123
codeforces.com,https://codeforces.com/enter,Harrypotter0,akashkandpal@123
codeforces.com,http://codeforces.com/settings/general,cool_akashkandpal@rediffmail.com,iamakashkandpal@123
codeforces.com,http://codeforces.com/,harrypotter0,iamakashkandpal
codeforces.com,https://codeforces.com/,harrypotter0,iamakashkandpal@123
codeforcesgreendot.cf,http://codeforcesgreendot.cf/register,9654262057akashkandpal@gmail.com,kanika@123
cofounderslab.com,https://cofounderslab.com/signup,9654263057akashkandpal@gmail.com,Akashkandpal@123
compe10cy.cognizant.com,https://compe10cy.cognizant.com/,harrypotter0,kanika@123
www.coinbase.com,https://www.coinbase.com/,9654263057akashkandpal@gmail.com,kanika@123
controlpanel.tech,https://controlpanel.tech/,9654263057akashkandpal@gmail.com,Akash@123
controlpanel.tech,https://controlpanel.tech/servlet/LoginServlet,9654263057akashkandpal@gmail.com,kanika@123
www.coursera.org,https://www.coursera.org/,,kanika@123
www.coursera.org,https://www.coursera.org/reset/confirm/eM8Wbclr9-LF1gFmCnMqLpHm8aZvUay0G8ntQyc_tGKMNaTPH69IwhK1lw_QCHO8hiXMew2gYUz-rZHs2WeZMw.KYKjPgi3_r1-SSfexDQHtA.ZOKvRqkAGjJ4we_MkZHoOW-1IU8dz2MFjY_0kHLMEtaPb3mQ2jdgzSK_PsAS-g_NqDEH6aMhsBC-jw4KJkQe_VZWostJWNgQ78Dj7GQzzfdCTwisn1t_CMUo1DbP_dY_,9654263057akashkandpal@gmail.com,Mahesh@123
www.coursera.org,https://www.coursera.org/,9654263057akashkandpal@gmail.com,kanika@1223
databirds.co,https://databirds.co/,9654263057akashkandpal@gmail.com,kanika@123
www.datasciencecentral.com,https://www.datasciencecentral.com/,9654263057akashkandpal@gmail.com,kanika@123
cloud.digitalocean.com,https://cloud.digitalocean.com/password_resets/vQOpUGUualWvV1Hm0GB89A,9654263057akashkandpal@gmail.com,kanika@123
discordapp.com,https://discordapp.com/login,9654263057akashkandpal@gmail.com,kanika@123
discordapp.com,https://discordapp.com/register,harrypotter0,kanika@123
www.drivendata.org,https://www.drivendata.org/,harrypotter0,kanika@123
courses.edx.org,https://courses.edx.org/password_reset_confirm/977cg-4u2-f2b8fb358b936007c37c/,9654263057akashkandpal@gmail.com,kanika@123
jobs.ericsson.com,https://jobs.ericsson.com/job/Noida-Data-Scientist-UP/481452700/,9654263057akashkandpal@gmail.com,gDWVRVwo5RRfAOY-XI6
www.facebook.com,https://www.facebook.com/,,kanika@123
www.facebook.com,https://www.facebook.com/login.php,9654263057akashkandpal@gmail.com,iamakashkandpal@123
www.facebook.com,https://www.facebook.com/,cool_akashkandpal@rediffmail.com,kanika@123
www.facebook.com,https://www.facebook.com/,cool_akashkandpal@reiffmail.com,iamakashkandpal
facenow.in,https://facenow.in/login.php,1271958,S
www.feedspot.com,https://www.feedspot.com/,akash kandpal,TzVYbFIk
accounts.firefox.com,https://accounts.firefox.com/,9654263057akashkandpal@gmail.com,kanika@123
www.flipkart.com,https://www.flipkart.com/,8527767315,harrypotter0
www.flipkart.com,https://www.flipkart.com/,9654263057,kanika@123
git.fms.io,https://git.fms.io/users/sign_in,harrypotter0,kanika@123
www.freelancer.in,https://www.freelancer.in/login,harrypotter0,kanika@123
www.freshersworld.com,https://www.freshersworld.com/user/register,9654263057akashkandpal@gmail.com,akash@123
domains.get.tech,http://domains.get.tech/checkout.php,9654263057akashkandpal@gmail.com,kanika@123
dashboard.getbotimize.com,https://dashboard.getbotimize.com/register,9654263057akashkandpal@gmail.com,knika@123
github.com,https://github.com/,,harrypotterakash
github.com,https://github.com/login,9654263057akashkandpal@gmail.com,harrypotterakash
github.com,https://github.com/session,9654263057akashkandpal@gmail.com,kanika@123
github.com,https://github.com/login,harrypotter0,harrypotterakash
github.com,https://github.com/,harrypotter0,mahesh@123
github.com,https://github.com/,shivam.vk529@gmail.com,githubpassword123
gitlab.com,https://gitlab.com/users/sign_in,harrypotter0,kanika@123
accounts.google.com,https://accounts.google.com/,9654263057akashkandpal@gmail.com,Mahesh@123
accounts.google.com,https://accounts.google.com/,kirtikannu123@gmail.com,akashkandpal
accounts.google.com,https://accounts.google.com/,lapdnakhsaka,kanika@123
accounts.google.com,https://accounts.google.com/SignUp,maltikandpal18,akashkandpal
accounts.google.com,https://accounts.google.com/signin/v2/sl/pwd,maltikandpal18@gmail.com,akashkandpal
,android://nWsvDdm9b6lPgXravBETHM95r-ZNbET6idm-ERBAZswGwdpnBt5e7bY_nDOmKW0_IUSsUSaO353R6j6MCQYeDg==@co.gradeup.android/,9654263057akashkandpal@gmail.com,
www.guru.com,https://www.guru.com/registeraccount.aspx,9654263057akashkandpal@gmail.com,kanika@123
www.hackerearth.com,https://www.hackerearth.com/practice/notes/trending/,harrypotter0,kanika@123
www.hackerrank.com,https://www.hackerrank.com/settings/account,9654263057akashkandpal@gmail.com,Akash@123
dashboard.hackumass.com,https://dashboard.hackumass.com/signup,9654263057akashkandpal@gmail.com,Akash@123
id.heroku.com,https://id.heroku.com/,,kanika@123
id.heroku.com,https://id.heroku.com/,9654263057akashkandpal@gmail.com,kanika2123
id.heroku.com,https://id.heroku.com/login,9654263057akashkandpal@gmail.com,kanika@123
signup.heroku.com,https://signup.heroku.com/,,lonewolf@123
www.hirist.com,https://www.hirist.com/registration/login.php,9654263057akashkandpal@gmail.com,kanika@123
www.instagram.com,https://www.instagram.com/accounts/login/,akash.kandpal,kanika@123
www.interviewbit.com,https://www.interviewbit.com/codersbit/,9654263057akashkandpal@gmail.com,akash@123
public.kitware.com,https://public.kitware.com/mailman/listinfo/openchemistry-developers,akash kandpal,kanika@123
ktj.in,http://ktj.in/,9654263057akashkandpal@gmail.com,akash@123
login.launchpad.net,https://login.launchpad.net/token/LHHYzGg9h7ykkhFndqGz/+resetpassword/9654263057akashkandpal@gmail.com,9654263057akashkandpal@gmail.com,kanika@123
leetcode.com,https://leetcode.com/accounts/login/,9654263057akashkandpal@gmail.com,kanika@123
www.linkedin.com,https://www.linkedin.com/,9654263057akashkandpal@gmail.com,Mahesh@123
in.linkedin.com,https://in.linkedin.com/,9654263057akashkandpal@gmail.com,Mahesh@123
jiofi.local.html,http://jiofi.local.html/,administrator,akash@123
jiofi.local.html,http://jiofi.local.html/cgi-bin/en-jio/mWiFi_Config.html,thecoderguy007,iamakashkandpal@123
www.mathworks.com,https://www.mathworks.com/mwaccount/widgets/embedded/profiles/new,harrypotter0,Kanika@123
login.mathworks.com,https://login.mathworks.com/embedded-login/login.html,harrypotter0,Kanika@123
mettl.com,https://mettl.com/contests/Nagarro-CnC-3/signup,9654262057akashkandpal@gmail.com,kanika@123
mettl.com,https://mettl.com/contests/Nagarro-CnC-3/signup,9654263057akashkandpal@gmail.com,kanika@123
my.mlh.io,https://my.mlh.io/register,9654263057akashkandpal@gmail.com,Akash@123
www.nietcampus.com,http://www.nietcampus.com/Home/,0151CSE018,password
www.nietcampus.com,http://www.nietcampus.com/Home/,0151CSE047,password
www.nietcampus.com,http://www.nietcampus.com/Home/,0151CSE054,password
www.nietcampus.com,http://www.nietcampus.com/Home/,0151CSE056,password
www.nietcampus.com,http://www.nietcampus.com/Home/,0151CSE057,password
www.nietcampus.com,http://www.nietcampus.com/Home/,0151CSE058,password
www.nietcampus.com,http://www.nietcampus.com/Home/,0151CSE062,password
www.nietcampus.com,http://www.nietcampus.com/Home/,0151CSE111,password
www.nietcampus.com,http://www.nietcampus.com/Home/,0151CSE120,password
www.nietcampus.com,http://www.nietcampus.com/Home/,0151CSE126,password
www.nietcampus.com,http://www.nietcampus.com/Home/,0151CSE127,password
www.nietcampus.com,http://www.nietcampus.com/Home/,0151CSE128,password
www.nietcampus.com,http://www.nietcampus.com/Home/,0151CSE129,password
www.nietcampus.com,http://www.nietcampus.com/Home/,0151CSE130,password
www.nietcampus.com,http://www.nietcampus.com/Home/,0151CSE131,password
www.nietcampus.com,http://www.nietcampus.com/Home/,0151CSE133,password
www.nietcampus.com,http://www.nietcampus.com/Home/,0151CSE187,password
onlinehappinessquotient.co.in,http://onlinehappinessquotient.co.in/project_student_login.aspx,kochsivasish@gmail.com,32485204
retail.onlinesbi.com,https://retail.onlinesbi.com/retail/loginsubmit.htm,KANIKA99,Dummy@123
www.paypal.com,https://www.paypal.com/authflow/password-recovery/change/,,kanika@123
www.paypal.com,https://www.paypal.com/webapps/hermes,9654263057akashkandpal@gmail.com,kanika@123
accounts.paytm.com,https://accounts.paytm.com/v2/resetPassword,8527767315,harrypotter@127
accounts.paytm.com,https://accounts.paytm.com/oauth2/authorize,9654263057,harrypotter@127
www.pragyan.org,https://www.pragyan.org/,9654263057akashkandpal@gmail.com,kanika@123
prezi.com,https://prezi.com/login/,9654263057akashkandpal@gmail.com,kanika@123
www.programcreek.com,https://www.programcreek.com/python/,9654263057akashkandpal@gmail.com,abcd@1234
www.pythonanywhere.com,https://www.pythonanywhere.com/registration/register/beginner/,9654263057akashkandpal@gmail.com,kanika@123
www.pythonanywhere.com,https://www.pythonanywhere.com/registration/register/beginner/,harrypotterkandpal,abcd@1234
harrypotterkandpal.pythonanywhere.com,http://harrypotterkandpal.pythonanywhere.com/admin/login/,harrypotterkandpal,kanika@123
techfest2k18.pythonanywhere.com,https://techfest2k18.pythonanywhere.com/signup/,harrypotter0,thecard@123
pythonprogramming.net,https://pythonprogramming.net/,9654263057akashkandpal@gmail.com,kanika@123
pythonprogramming.net,https://pythonprogramming.net/reset-password/,harrypotter0,kanika@123
www.quantinsti.com,https://www.quantinsti.com/blog/sentiment-analysis-news-python/,asadas,0cgn22QnVY7S
www.quantopian.com,https://www.quantopian.com/,9654263057akashkandpal@gmail.com,kanika@123
,android://pbTt1KmSWiizwy2adE-D3WearPMqqj2Z19iepKP6e9_ZymMYYZHfdV1FqUaYo4SbuSLK7Z36vGc3eCMUVVfckw==@com.quora.android/,9654263057akashkandpal@gmail.com,
www.quora.com,https://www.quora.com/,cool_akashkandpal@rediffmail.com,kanika@123
www.reddit.com,https://www.reddit.com/,,kanika@123
www.reddit.com,https://www.reddit.com/login,harrypotterkandpal,kanika@123
mail.rediff.com,https://mail.rediff.com/cgi-bin/login.cgi,cool_akashkandpal@rediffmail.com,kanika@123
mypage.rediff.com,https://mypage.rediff.com/login/dologin,cool_akashkandpal@rediffmail.com,kanika@123
register.rediff.com,https://register.rediff.com/utilities/newforgot/index.php,9654263057akashkandpal@gmail.com,akashkandpal
www.researchgate.net,https://www.researchgate.net/signup.SignUp.html,niet@edu.com,adsedafafd
analyticsvidhya.slack.com,https://analyticsvidhya.slack.com/,9654263057akashkandpal@gmail.com,kanika@123
analyticsvidhya.slack.com,https://analyticsvidhya.slack.com/join/invite/enQtMzcxMTc0OTg5MjU0LTUzNDc4ZWU5ZDk1MTI4ZWE0N2JhOTgyN2NhMWVhZGQ5YTVmODRjYjI5N2JjMDhlYTllOTQ0ZmJhODJlM2QwMjM,harrypotter0,kanika@123
dscommunity.slack.com,https://dscommunity.slack.com/join/invite/enQtMzk3NzY5MzIyMjI4LWUxNGUwZjI0MjM2NzhhN2Y1ZDY0MmI1MDg2OWY3OGI5Y2NmYzM2YjVlZDY3ODQ2NGQ2NDI1ZGZkODQwZDc0NDg,harrypotter0,kanika@123
experfylabs.slack.com,https://experfylabs.slack.com/join/invite/enQtMzk5MjY1MjA0NTAyLTE1YzYwODA4MThmM2FlYjc0YTE0ZmFhZjE3Y2NjMTI3MDYwZTMyODkyMzAxOTMyNDYwOTY3YjE5NDM2ZjA5NDU,harrypotter0,kanika@123
hackdata2018.slack.com,https://hackdata2018.slack.com/join/shared_invite_confirmed/enQtMzA5NTMyNjcyODM4LWY1NzM4MTkzOGZiZmRhMmI2Nzc4ZGFkYzcxMmE0ODk0YzMzZmI1MjEyZDFkYmUyNzUzZWMyODRmOGMyMzMwNzc,harrypotter0,kanika@123
kagglenoobs.slack.com,https://kagglenoobs.slack.com/join/invite/enQtMzk4MDExMTQyNDgyLTFjZDU4YmM0MGI1OTBkMjE4NDI3YjFkNmJjNjNiMjRlOTUzZmRkMGI5NWJiYTY0YjM4YzE3OGMzZTA1ZDdhNDg,harrypotter0,kanika@123
mintzip.slack.com,https://mintzip.slack.com/,9654263057akashkandpal@gmail.com,kanika@123
mintzip.slack.com,https://mintzip.slack.com/join/invite/enQtMzc5MjcwMDg3MjgxLThiMmM0NTUzZDYxMzgzY2Q3MzgxNGZhMzE4NWIzMjMxMzY1ZDkxNTYzMjgxNTFhZDRiMGM4MGYwOThmYTBiOWE,harrypotter0,kanika@123
ml-he.slack.com,https://ml-he.slack.com/join/shared_invite_confirmed/enQtNDc1NTA5NDYwOTE2LTA5NTVlNTQ0MThlNThlMTU0NThjNTRjNWY1YWFmMTk2ZTMzOTI3M2MxNzQxODc1NjhlN2JhMjc4MGJmNjM1ODc,harrypotter0,kanika@123
programming-wizards.slack.com,https://programming-wizards.slack.com/,harrypotter0,kanika@123
python-community.slack.com,https://python-community.slack.com/join/invite/enQtMzk3Nzc0NjMyNzA4LTBiM2U5NDkzYmIzOGQ4MzM5N2VkYTVmMDQ2OTM1MzQ2NTMyNThmN2RlMzEyYTk1OWU3Mzc0N2NiMjFlZTJkMTk,harrypotter0,kanika@123
pythondev.slack.com,https://pythondev.slack.com/join/invite/enQtMzk4MDE4Nzc0MTMwLWI1OTkyMzE2M2I0N2JhNDA3YmY2MjQxMjlmYzIzNjNlOWE4NDdmMjVjMWE2NTQyMmYxMGY1OGQ4MzI3N2I5OTg,harrypotter0,kanika@123
pythonmlworkspace.slack.com,https://pythonmlworkspace.slack.com/,9654263057akashkandpal@gmail.com,kanika@123
rakathon2018.slack.com,https://rakathon2018.slack.com/join/shared_invite_confirmed/enQtNDc1ODA4ODI3NDkwLTkxMzZkZmJhZTlhMDQ3NWRhZWNhYTA0NTUzYjEwNDA0MDY1MjVlODgwY2M0NDQ1YWVhM2VjNzU0N2JlZjc0NDg,harrypotter0,kanika@123
reddit-ml.slack.com,https://reddit-ml.slack.com/join/invite/enQtMzk0Mjk1NDQ3NDk1LWJlZWU4MjE0OGI2NGMzYzliNmY5YjBlMjEyZGFiODgwNmU3OWU5ZDhjOTJmMmFmNjYwMmVmMjdmY2QzODJkOTg,harrypotter0,kanika@123
www.spoj.com,http://www.spoj.com/,9654263057akashkandpal@gmail.com,chutiya
www.spoj.com,https://www.spoj.com/,9654263057akashkandpal@gmail.com,chutiya
www.spoj.com,http://www.spoj.com/,akashkandpal0,iamakashkandpal
www.spoj.com,https://www.spoj.com/,akashkandpal0,iamakashkandpal
www.spoj.com,http://www.spoj.com/,cool_akashkandpal@gmail.com,chutiya
www.spoj.com,https://www.spoj.com/,cool_akashkandpal@gmail.com,chutiya
2018.squarectf.com,https://2018.squarectf.com/register,9654263057akashkandpal@gmail.com,akash@123
math.stackexchange.com,https://math.stackexchange.com/users/signup,cool_akashkandpal@rediffmail.com,ambujpandey@123
math.stackexchange.com,https://math.stackexchange.com/users/signup,maltikandpal18@gmail.com,ambujpandey@123
www.stopstalk.com,https://www.stopstalk.com/,cool_akashkandpal@rediffmail.com,iamakashkandpal
www.stopstalk.com,https://www.stopstalk.com/,cool_akashkandpal@reiffmail.com,iamakashkandpla
barclays.taleo.net,https://barclays.taleo.net/careersection/iam/accessmanagement/login.jsf,harrypotter0,kanika@123
campuscommune.tcs.com,https://campuscommune.tcs.com/,CT20161822039,Akash@123
nextstep.tcs.com,https://nextstep.tcs.com/,CT20161822039,Akash@123
www.tcscodevita.com,https://www.tcscodevita.com/CodevitaV7/index.jsp,cool_akashkandpal@rediffmail.com,szSdcRQ
www.tcscodevita.com,https://www.tcscodevita.com/CodevitaV7/,nirupambhandari86@gmail.com,Ktixj8w
www.techgig.com,https://www.techgig.com/,9654263057akashkandpal@gmail.com,Akash@123
www.techgig.com,https://www.techgig.com/,kirtikannu123@gmail.com,Akash@123
www.techgig.com,https://www.techgig.com/register.php,sachindwivedi@gmail.com,kanika@123
engage.techgig.com,https://engage.techgig.com/,,Akash@123
apps.tikona.in,https://apps.tikona.in/LoginFree/,1121446992,Akash@123
login.tikona.in,https://login.tikona.in/,1121446992,Akash@123
login.tikona.in,https://login.tikona.in/,133265451,9654263057
selfcare.tikona.in,https://selfcare.tikona.in/,1121446992,Akash@123
accounts.topcoder.com,https://accounts.topcoder.com/connect/registration,9654263057akashkandpal@gmail.com,kanika@123
www.toptal.com,https://www.toptal.com/talent/apply,9654263057akashkandpal@gmail.com,kanika@123
twitter.com,https://twitter.com/,9654263057akashkandpal@gmail.com,kanika@123
twitter.com,https://twitter.com/login,akashkandpal123,iamakashkandpal@123
twitter.com,https://twitter.com/login/error,cool_akashkandpal@rediffmail.com,iamakashkandpal
twitter.com,https://twitter.com/,lapdnakhsaka@gmail.com,kanika@123
id.unity.com,https://id.unity.com/en/conversations/86e01411-eccb-447e-a022-2a8795d57ba600df,9654263057akashkandpal@gmail.com,Kanika@!23
www.upwork.com,https://www.upwork.com/signup/,9654263057akashkandpal@gmail.com,iamakashkandpal@123
train.usaco.org,http://train.usaco.org/usacogate,96542631,gbbrhtj
app.uxpin.com,https://app.uxpin.com/dashboard/welcome,,lonewolf@123
www.xnxx.com,https://www.xnxx.com/video-8fo6v91/sex_scene_hollywood_wrong_turn_sex_scene,cool_akashkandpal@rediffmail.com,kanika@123
www.xvideos.com,https://www.xvideos.com/video174874/erika_eleniak_-_chasers,cool_akashkandpal@rediffmail.com,kanika@123
news.ycombinator.com,https://news.ycombinator.com/login,harrypotterakk,kanika@123
cmocwithkdpisda.zulipchat.com,https://cmocwithkdpisda.zulipchat.com/accounts/register/,Akash Kandpal,kanika@123
